Blog,Internal Links,Mobile,Headings,Page Titles,URL format,Amount of Content,Popularity,Freshness,Twitter,Images,Printability,Meta Tags,Server Behavior,Analytics,Overall
https://www.healthline.com/nutrition/how-to-lose-weight-as-fast-as-possible,0.7,7.2,9,10,10,9.8,10,10,0,9.4,0,10,10,0,7.3
https://food.ndtv.com/health/how-to-lose-weight-in-10-days-tips-and-tricks-1686764,9.2,8.6,9,10,3.6,9.6,2.9,10,10,4.7,0,10,10,10,8.5
https://www.wikihow.life/Lose-Weight-in-10-Days,8.6,10,10,10,10,8.4,7.7,10,0,9.9,10,8.4,9.8,0,8.5
https://www.stylecraze.com/articles/simple-tips-to-lose-weight-in-10-days/,9.3,10,10,10,10,9.1,9.5,10,10,8,10,10,10,0,9
https://www.livestrong.com/article/79644-lose-weight-days-exercise/,4.3,10,10,10,10,9,9.8,10,0,9.8,0,10,10,10,8.7
https://www.eatthis.com/how-to-lose-weight-without-going-to-the-gym,0,10,9,10,8.8,9.5,10,10,10,8.2,10,8.4,10,10,8.5
https://medium.com/gethealthy/20-tips-to-lose-weight-in-less-than-10-days-3f0421659a72,6.6,10,3,10,5.6,4.9,10,10,0,9.1,0,6.8,8,10,7.6
https://www.onlymyhealth.com/how-lose-weight-quickly-in-ten-days-1312349157,9.6,7.2,9,9,10,9.6,8.4,10,9.7,10,0,10,9.7,10,9.1
https://www.healthifyme.com/blog/weight-loss-7-days-tips-exercises-side-effects/,6.1,10,7,10,10,8.4,8.5,10,9.7,9.8,6,8.4,10,10,9
https://ketosolutions.in/?gclid=EAIaIQobChMI2vyp8MjD6wIVFsEWBR3oggXGEAMYAiAAEgJqtfD_BwE#panel-proven-results,8.9,10,10,10,8,8.7,6.2,10,0,10,6.7,7.3,7.4,6.7,8.2
https://www.successlearned.com/weight-loss/how-to-lose-weight-10-kgs-in-10-day/,0.1,10,5,10,10,10,6.8,10,10,8,10,8.4,8,10,8.1
https://www.kent.co.in/blog/how-drinking-water-can-help-you-lose-weight/,9.2,10,9,10,10,8.6,8.8,10,10,7.8,10,10,10,10,9.5
https://www.thesun.co.uk/fabulous/9688163/weight-loss-fast-easy-body-type/,0,10,9,10,10,9.1,9.6,10,10,9.4,0,3.6,10,10,8.1
https://www.gorgeousyouamazinglife.com/lose-10-pounds-in-one-week/,9.2,10,10,10,10,9.1,0,10,0,8,10,2,10,10,8.6
https://www.hairguard.com/hyaluronic-acid-hair-growth/,2.1,10,9,10,10,9.7,8.5,4.9,0,8.2,0,2,8.8,10,7.5
https://www.advancedhairstudioindia.com/blogs/female-pattern-baldness,7.2,10,10,10,10,9.7,7.5,10,8.8,7.3,8,8.4,10,0,8.5
https://www.hairlossdoctors.com/blog/2018/06/21/causes-of-hair-loss-in-191361,8.4,10,10,10,10,8.7,6.8,2.5,8.1,10,0,10,10,10,9
https://www.belgraviacentre.com/blog/teenagers-with-hair-loss-what-can-they-do/,9.3,10,9.8,10,10,9.8,7.7,4.8,0,8.3,10,10,10,10,9.1
https://blog.daveasprey.com/blog-bulletproof-com-hair-loss-regrow-hair-drugs/,8.4,10,8,10,10,9.3,7.8,10,10,9.1,10,5.2,10,10,9.2
https://www.hairlossdaily.com/female-hair-loss-treatment/,6,10,9.8,10,10,9.7,6.3,10,0,8.1,0,5.2,10,0,7.7
https://hudabeauty.com/us/en_US/blog/hair-loss-causes-best-treatments-65052.html,9.7,10,9.4,9,4,9.8,8.7,10,0,10,10,10,7,10,9
https://www.harklinikken.com/blogs/blog/causes-of-hair-loss,1.7,10,7,10,10,8.4,6.4,10,0,8,0,10,10,10,7.9
https://www.hairlossconsultant.co.uk/hair-care-during-second-phase-of-lockdown/,8.3,8.6,9.2,10,10,6.7,4,10,8.3,8.7,8,9.6,9.6,8,8.8
https://www.healthline.com/health/hair-loss-prevention#1,0,7.2,9,10,10,9.8,10,10,0,9.4,0,8.4,10,0,7.1
https://www.hairbuddha.net/how-to-stop-hair-loss-28-simple-remedies-to-grow-your-hair/,2.8,10,7.9,10,10,9.4,6.8,10,0,6.3,2,3.6,10,8,7.9
https://www.drvenus.in/hair-regrowth-tips/,8.8,10,9.3,10,10,8.4,5.9,10,,8.4,5.9,5.2,10,10,8.8
https://vedix.com/blogs/articles/how-to-regrow-hair,9.3,10,7,10,10,8.5,9,,0,10,0,5.2,10,10,8.7
https://www.allure.com/story/hair-loss-guide-women-causes-regrowth-treatments,1.7,10,9,10,10,9.4,9.7,10,10,10,8,8.4,7.3,10,8.7
https://www.bebeautiful.in/all-things-hair/hair-concerns/how-to-stop-hair-fall-using-natural-home-remedies,7.7,10,10,10,7.6,9.4,9,10,9.9,3.6,0,10,9.3,10,8.7
https://www.eatthis.com/best-foods-to-stop-hair-loss/,0,10,9,10,8.8,9.4,10,10,10,8.2,10,8.4,10,10,8.5
https://www.prevention.com/food-nutrition/healthy-eating/g29538761/best-food-for-hair-growth/,8.5,4.1,9,10,8.8,9.3,9.8,10,10,10,0,8.4,10,0,8
https://www.healthshots.com/beauty/hair-care/5-vitamins-to-eat-daily-to-reduce-hair-fall-and-hair-loss/,0.4,3,9.9,10,10,9.7,8.7,10,0,3.2,0,10,10,10,7
https://www.bbcgoodfood.com/howto/guide/what-eat-healthy-hair,6.1,10,9,10,10,9.2,9.7,10,10,9,10,6.8,10,10,9.2
https://hudabeauty.com/us/en_US/blog/21-skincare-tips-thatll-transform-your-skin-52826.html,9.7,10,9.4,9,4,9.8,8.8,10,0,10,10,10,7,10,9
https://www.wellandgood.com/skinceuticals-discoloration-defense/,5.1,10,10,10,10,10,9.5,10,10,10,10,5.2,10,10,9.2
https://www.healthshots.com/beauty/skin-care/oily-skin-care-avoid-these-4-foods-to-prevent-acne/,0.4,3,9.9,10,10,9.7,8.7,10,0,3.2,0,10,10,10,7
https://www.self.com/story/guide-to-skin-care,3.8,10,8.9,10,10,3.7,9.6,10,10,9.9,4,8.4,7.3,10,8.4
https://www.nytimes.com/guides/tmagazine/skincare-routine,5.7,10,6,10,7.6,9.7,10,10,10,10,10,10,10,10,9.1
https://www.chemistryworld.com/features/the-science-of-skincare/5494.article,9.8,10,7,10,10,9.4,8.4,10,10,10,10,10,10,10,9.7
https://www.allure.com/story/best-skin-care-tips-dermatologists,1.7,10,9,10,10,9.4,9.7,10,10,10,8,8.4,7.3,10,8.7
https://www.myupchar.com/en/beauty,9.5,8.6,5,10,10,9.7,9,10,8.8,9.7,10,10,10,10,9.3
https://travel.earth/15-skin-care-tips-for-winter-travel/,3.1,8.6,9.7,10,10,9.9,7,10,8.5,9.5,10,8.4,10,10,8.8
https://www.healthline.com/nutrition/13-acne-remedies,0.7,7.2,9,10,10,9.8,10,10,,9.4,0,10,10,0,7.3
https://www.medicinenet.com/acne/article.htm,9.8,8.6,10,10,3.2,8.5,9.6,1.6,0,9.6,10,10,10,10,8.6
https://www.theguardian.com/fashion/2020/apr/11/top-10-lockdown-beauty-tips-sali-hughes,9.5,10,10,10,10,9.9,10,10,10,9.9,10,10,9.4,10,9.9
https://www.ksat.com/sa-live/2020/10/28/these-4-beauty-tips-might-help-to-maintain-youthful-looking-skin-this-holiday-season/,4,10,6,10,10,8.9,9.4,10,10,10,0,10,10,10,8.7
https://www.mindbodygreen.com/articles/oily-eyelids,4.6,10,9.9,10,10,9.5,9.6,10,10,10,8,10,8,10,9.2
https://www.vogue.co.uk/beauty/article/korean-skincare-tips-trends,10,10,9,10,10,8.8,10,10,10,10,0,3.6,10,10,9.2
https://indianexpress.com/article/lifestyle/life-style/keep-your-glowing-skin-intact-amid-lockdown-with-these-homemade-face-pack-recipes-6361834/,7.2,8.6,10,10,10,9.6,10,10,10,9.1,0,10,10,10,9.2
https://www.goodhousekeeping.com/uk/fashion-beauty/a35392483/holly-willoughby-jigsaw-shirt-dress/,8.3,5.2,3,10,7.6,9.1,10,10,10,10,0,6.8,10,0,7.5
https://www.itv.com/thismorning/articles/the-ultimate-guide-to-at-home-hair-removal,0,10,10,10,10,6.8,9,10,0,10,6,10,9.7,10,8.2
https://www.elle.com/uk/beauty/skin/a35403674/hailey-bieber-skincare-line-rhode/,7.9,4.1,2.6,10,8.8,9,10,10,10,10,0,10,10,0,7.6
https://www.femina.in/beauty/skin/healthy-skin-tips-to-ensure-glowing-skin-175012.html,8.6,7.2,5,10,10,9.5,8.9,10,10,9.5,10,10,10,10,9.1
https://nurse.org/articles/skin-acne-masks-protective-hair-tips-for-nurses/,2.7,10,10,10,8.8,7.7,9,10,0,8.7,10,10,10,10,8.4
https://www.nytimes.com/2020/11/19/style/celebrities-its-official-every-celeb-now-has-a-beauty-line.html,5.7,10,6,10,7.6,9.7,10,10,10,10,10,10,10,10,9.1
https://www.goodhousekeeping.com/uk/fashion-beauty/make-up-advice/a33742009/pat-mcgrath-labs/,8.3,5.2,3,10,7.6,9.1,10,10,10,10,0,6.8,10,0,7.5
https://www.medicalnewstoday.com/articles/how-to-get-clear-skin,4.8,3,10,10,10,10,10,10,,9.4,0,10,10,0,7.4
https://www.cosmeticsdesign.com/Article/2020/03/18/19-ways-the-beauty-industry-is-responding-to-CoronaVirus,8.7,8.6,9,10,10,9.7,8.1,10,9.8,9.9,10,3.6,10,10,9.2
https://www.insider.com/jennifer-lopez-denies-using-botox-jlo-beauty-skin-care-response-2020-12,5.9,3,8,10,10,9.7,9.4,10,10,9.7,10,6.8,9.9,10,8.5
https://www.rte.ie/lifestyle/fashion/2020/0429/1135547-lorraine-keane-shares-her-top-beauty-tips-and-favourite-products/,5,10,9,10,10,9.4,9.6,10,10,9.9,0,8.4,10,10,9
https://food.ndtv.com/beauty/9-beauty-tips-for-gorgeous-skin-and-hair-1225089,9.2,8.6,9,10,3.6,9.6,2.9,10,10,4.4,0,10,10,10,8.4
https://www.northwichguardian.co.uk/news/18962330.beauty-tips-morning-festivities/,2.3,10,6,10,10,9.4,6.8,10,10,8,10,10,10,10,8.6
https://www.healthline.com/health/beauty-skin-care/advice-from-older-women,0,7.2,9,10,10,9.8,10,10,0,9.4,0,8.4,10,0,7.1
https://www.goodhousekeeping.com/uk/fashion-beauty/a32171985/trinny-woodall-makeup/,8.3,5.2,3,10,7.6,9.1,10,10,10,10,0,6.8,10,0,7.5
https://nypost.com/2020/05/11/marilyn-monroes-diet-and-beauty-secrets-how-to-get-them/,7,10,10,10,10,9.7,10,10,10,9.5,10,10,10,10,9.6
https://www.sowetanlive.co.za/s-mag/2020-12-17-lungile-loves/,6.4,10,8,10,10,7.7,8.7,10,10,9.5,10,10,9.2,10,9.2
https://hbswk.hbs.edu/item/lipstick-tips-how-influencers-are-making-over-beauty-marketing,6.2,10,7,10,4.8,9.5,3.6,10,10,9.6,10,10,8,10,8.8
https://www.bbc.com/news/world-53468051,8.8,10,10,10,7.6,10,10,10,10,9.4,0,10,8,4,8.9
https://stylecaster.com/beauty/beauty-tips-for-girls/,9.5,10,9.9,10,10,7.5,9.7,10,10,9.7,0,10,10,10,9.5
https://www.theatlantic.com/health/archive/2020/03/coronavirus-quarantines-are-upending-beauty-routines/608689/,7.1,10,9,10,10,9.3,9.9,10,10,10,6,10,9.6,8,9.3
https://www.mamamia.com.au/makeup-tips-women-over-40/,7.5,10,8.8,10,10,9.8,9,10,10,9.5,0,10,9.2,0,8.6
https://www.harpersbazaar.com/uk/beauty/hair/a31184739/heidi-klum-beauty-recommendations/,8.2,4.1,3,10,8.8,9.2,10,10,10,10,0,10,10,0,7.7
https://www.aarp.org/entertainment/style-trends/info-2019/makeup-tips-older-women.html,9,10,9.5,10,5.2,10,10,10,0,9,10,10,8,10,9.1
https://www.allure.com/story/summer-skin-care-tips-from-dermatologists,2.8,10,9,10,10,9.4,9.9,10,10,10,8,8.4,7.3,10,8.8
https://www.bustle.com/articles/201204-10-bizarre-beauty-tips-from-the-middle-ages-that-you-wont-believe-actually-existed,9.6,10,10,10,8.8,9.8,9.3,10,10,10,0,10,10,10,9.6
https://www.thestatesman.com/supplements/section/beauty-cosmetics-mughal-ages-1502654342.html,2.6,10,9,10,8.8,8.6,8.6,10,10,8.8,10,10,8,10,8.7
https://www.webmd.com/diet/features/10-ways-to-lose-weight-without-dieting,9.9,10,7.9,10,7.6,9.2,10,10,10,9,4,10,9.5,10,9.4
https://www.gqindia.com/content/how-to-lose-weight-in-15-days-with-5-simple-tips-backed-by-science,10,10,9,10,10,9.2,9.6,10,10,10,0,8.4,10,10,9.5
https://food.ndtv.com/health/how-to-lose-weight-in-10-days-tips-and-tricks-1686764,9.2,8.6,9,10,3.6,9.6,2.9,10,10,4.4,0,10,10,10,8.4
https://www.healthkart.com/connect/how-to-lose-weight-in-15-days/bid-5307,10,10,0,10,10,0,8.9,,0,10,0,2,10,10,7.4
https://ladiesnutrition.com/2017/08/25/lose-10-kg-just-15-days-diet-plan/,2.5,10,9,10,10,7.8,7.4,10,0,10,10,2,10,0,7.4
https://www.eatthis.com/best-weight-loss-tips/,0,10,9,10,8.8,9.4,10,10,10,8.2,10,8.4,10,10,8.5
https://www.healthifyme.com/blog/best-indian-diet-plan-weight-loss/,8.5,6.5,10,10,10,6,8.3,10,9.7,10,0,2,7.7,5,8
https://bodybuildingguide.net/how-much-weight-can-you-lose-in-15-days/,6.5,10,8,10,10,10,8.3,10,0,10,10,2,10,10,8.6
https://www.herzindagi.com/fitness/lose-one-kg-weight-in-three-days-with-these-easy-tips-article-77960,5.8,10,8,10,10,9.4,9,10,9.2,6.1,0,10,9.7,10,8.7
https://www.nowtolove.com.au/health/diet-nutrition/winter-weight-loss-56970,3.7,10,10,10,10,8.8,8.6,10,8.2,10,10,10,10,10,9.1
https://lazy-girl.tips/lose-15-kg-15-days-diet-plan/,7.5,10,9,10,10,8.9,5.2,10,9,10,10,10,10,10,9.4
https://www.herzindagi.com/fitness/5-easy-ways-lose-weight-in-winters-without-even-stepping-out-article-143707,5.8,10,8,10,10,9.4,9,10,9.2,6.1,0,10,9.7,10,8.7
https://www.stylecraze.com/articles/simple-ways-to-make-skin-glow-overnight/,9.4,10,10,10,10,9.2,9.3,10,10,7.9,10,10,10,0,9
https://pharmeasy.in/blog/simple-home-remedies-for-glowing-skin/,4.1,10,4,10,6.4,9.2,10,2.8,9.8,10,0,6.8,8.6,10,7.9
https://www.brides.com/story/overnight-skin-care-wedding-tips,9.7,8.6,9,10,5.2,5.6,10,10,10,10,0,10,10,10,8.9
https://food.ndtv.com/beauty/skin-nourisher-vs-moisturiser-10-natural-ingredients-for-youthful-skin-1264905,9.2,8.6,9,10,3.6,9.6,2.9,10,10,4.4,0,10,10,10,8.4
https://www.bebeautiful.in/all-things-skin/everyday/best-7-home-remedies-for-glowing-skin,7.7,10,10,10,7.6,9.4,9.1,10,9.9,2.9,0,10,9.3,10,10
https://www.weddingwire.in/wedding-tips/home-remedies-for-glowing-skin-in-one-day--c8343,9.5,8.6,10,10,8.8,8.8,8.6,10,8.6,9.4,6,10,10,10,9.4
https://skinkraft.com/blogs/articles/how-to-get-glowing-skin,10,10,6,10,10,9.5,9.4,5,0,9.7,10,10,10,10,9.2
https://yourstory.com/weekender/a-guide-to-a-healthy-mane-hair-care-tips-from-dermatologist,0.6,10,5,10,10,0,9.3,10,10,9.9,0,10,10,10,7.7
https://www.stylist.co.uk/beauty/the-golden-rules-of-good-hair-care-simple-steps-to-get-beautiful-happy-healthy-hair-celebrity-hairdresser-tips-advice/135381,3.5,10,10,10,10,9,8.3,10,10,10,0,10,9.6,10,8.9
https://www.aad.org/public/everyday-care/hair-scalp-care/hair/healthy-hair-tips,9.1,10,9,10,10,9.2,8.9,10,10,10,10,8.4,8.4,8,9.4
https://www.dermaessentia.com/blogs/hair-care/hair-growth-tips-women-men-for-healthy-hair,9.3,10,9,10,10,8.9,7.3,10,8.7,10,10,10,10,10,9.7
https://www.vogue.in/topics/hair-care/,3.3,10,8.5,10,10,9.8,9.1,10,10,9.4,10,10,10,10,9.1
https://www.foxy.in/media/-rndaf7e0b4e-d8c5-4f92-bf9e-7b4b146cd878,0,10,7,8,8.8,7.6,8,10,6.4,4.4,0,8.4,7.4,10,7.1
https://bellavitaorganic.com/blogs/bellavita-blogs/how-to-maintain-healthy-hair-7-hair-care-tips-youll-love?source=Google&medium=Ads&campaignid=12761124921&adgroupid=124668528447&device=c&keyword=&gclid=Cj0KCQjw-LOEBhDCARIsABrC0TkrNzQJYFdxujdUh5K2oA9cH7y0_1WLO-ZKNVSz6iPJUnPOdRH8i3IaAsmREALw_wcB,8.4,10,6,10,6.4,8.7,9,5,7.7,10,10,8.4,10,10,9.1
https://www.urbancompany.com/blog/beauty/how-to-maintain-healthy-hair-daily-hair-care-routine/,5,8.3,3,8,10,5.8,9.6,10,10,8.8,2,3.2,7.1,8,7.3
https://www.beardbrand.com/blogs/urbanbeardsman/hair-care,4.9,10,10,10,10,9.4,8.3,5,0,10,0,8.4,10,10,8.6
https://www.soultree.in/blogs/hair-care/tagged/natural-and-organic-hair-care-tips,7.3,10,9,10,10,9.5,7.7,10,9,10,10,8.4,10,10,9.4
https://www.parentcircle.com/article/care-for-your-childs-hair/,9.2,8.6,6.5,10,6.8,9.3,7.4,10,9.2,8.7,10,6.8,9.4,10,8.9
https://www.brides.com/gallery/wedding-beauty-best-tips,9.7,8.6,9,10,5.2,5.6,10,5,10,10,0,10,10,10,8.9
http://www.indianewes.com/hair-care-tips-%E0%A4%87%E0%A4%A8-%E0%A4%98%E0%A4%B0%E0%A5%87%E0%A4%B2%E0%A5%82-%E0%A4%89%E0%A4%AA%E0%A4%BE%E0%A4%AF%E0%A5%8B%E0%A4%82-%E0%A4%95%E0%A5%80-%E0%A4%AE%E0%A4%A6%E0%A4%A6-%E0%A4%B8/,6.5,10,10,10,10,9.5,8.2,10,6.5,4,10,8.4,8,10,8.7
https://www.vcaretrichology.com/,10,10,10,10,10,9.4,7.9,3,8.6,9.9,10,10,8.2,10,9.4
https://www.cosmopolitan.com/style-beauty/beauty/g36278510/thin-curly-hair-care-tips-products/,7.2,4.1,8.9,10,8.8,9.9,9.7,10,10,10,0,10,10,0,8
https://www.glamour.com/story/greasy-hair-tips-according-to-experts,1,10,9,10,10,9.7,9.2,10,10,10,2,10,10,10,8.8
https://www.news24.com/w24/style/beauty/hairstyles/luna-luxs-cindy-khan-shares-wig-care-tips-for-beginners-plus-product-recommendations-20210428,8.2,7.2,0,10,7.6,9.9,9.6,10,10,8,0,5.2,9.2,10,7.9
https://thriveglobal.com/stories/the-3-step-pop-up-stress-check/,10,10,10,10,10,9.4,9.3,10,10,6.5,0,6.8,10,0,8.5
https://www.anoos.com/,7.3,10,10,10,10,9.6,6.1,10,7.3,9.8,10,10,8,10,9.4
https://vijaykarnataka.com/lifestyle/beauty/benefits-of-amla-and-coconut-oil-for-hair-to-get-rid-from-hairfall/articleshow/82326930.cms,2.6,8.3,9.1,10,4.4,9.3,8.3,10,10,9.5,0,8.4,9.7,10,8.2
https://tamil.boldsky.com/health/food/summer-foods-that-help-in-healthy-hair-growth-031188.html,0.4,8.6,9,6,10,9.6,6.9,10,9.7,9.6,0,10,10,10,8
https://www.self.com/beauty/skin,3.8,10,8.9,10,10,3.7,9.3,10,10,9.9,4,8.4,7.3,10,8.4
https://buymeonce.com/blogs/articles-tips/7-tips-for-taking-care-of-your-skin-in-winter,7.3,10,10,10,10,8.7,7,5,0,9.9,10,8.4,10,10,9.1
https://www.amazon.in/Natural-Skin-Care-Tips-Rejuvenated-ebook/dp/B0875V9GB8,7.3,8,6,10,3.6,8.8,9.9,5,0,9.8,0,5.2,8.8,0,7
https://www.olay.com/en-us/skin-care-tips-and-articles,6.7,10,10,9,10,9,8.3,5,10,3.1,10,8.4,10,10,8.6
https://www.shahnaz.in/beauty_blog/blogs/,4.1,10,5,10,8.8,9.3,6.7,10,0,9.9,10,5.2,5.6,10,7.9
https://en.wikipedia.org/wiki/Skin_care,9.7,7.2,10,10,6.4,9.7,10,10,0,8.1,10,2,9.7,0,7.8
https://www.indiatoday.in/lifestyle/health/story/monsoon-skincare-tips-doctors-tell-you-how-to-get-healthy-and-radiant-skin-1725451-2020-09-25,6.5,10,7,9,10,9.1,10,10,0,4.2,0,8.4,10,10,8
https://www.vogue.com/beauty/skin,3,10,8,10,8.4,9.7,9.7,10,10,10,10,10,10,10,9
https://www.kayayouth.com/blog/natural-skin-care-tips,5.8,10,6,10,5.2,7.5,6.9,10,0,10,0,3.6,7.6,10,7.7
https://www.lybrate.com/topic/weight-loss,7.8,8.6,4,10,5.2,7.9,9.2,10,9.3,9.8,0,8.4,8.6,10,8.3
http://www.medscape.com/features/slideshow/weight-loss-tips,4.6,10,7.5,10,10,9.6,9.6,10,10,3.3,2,6.8,9.1,10,8.2
https://www.redbookmag.com/body/health-fitness/advice/g643/burn-fat-yl/,8.5,3,7,10,10,8.8,8.4,10,10,8,0,8.4,10,0,7.6
https://www.revoltpro.com/blog/diet-nutrition/weight_loss_tips_how_to_count_calories.html,7.6,10,9,8,8.8,9.8,4.2,3.6,0,10,10,10,9,0,7.6
https://www.timesnowmarathi.com/health/article/how-to-reduce-weight-in-summer-follow-this-tips/344927,8.5,7.2,10,9,10,9.5,7.4,10,0,9.7,0,10,10,10,8.7
https://www.dietdoctor.com/low-carb/keto,9.5,10,10,10,10,10,9.2,10,10,8,10,10,10,10,9.7
https://cheatdaydesign.com/weight-loss-tips/,4.7,10,6,10,10,10,7.4,10,0,8.5,10,10,9.6,10,8.6
https://www.facebook.com/weightlosstipshindi1/,7.4,7.2,10,10,4.4,4,2.2,10,0,9.3,0,8.4,8.8,2,7.2
https://time.com/4792623/weight-loss-lose-weight-fast/,4.8,10,8.4,10,8.8,9.6,9.7,10,10,10,10,10,10,10,9.2
https://mysolluna.com/blog/2008/12/01/11-beauty-detox-weight-loss-tips/,7.5,10,6,10,10,9.1,7.7,10,10,8,10,10,10,10,9.1
https://www.eatright.org/health/weight-loss/tips-for-weight-loss,9.4,10,6,10,10,8.4,9.2,5,10,10,10,5.2,10,10,9.2
https://versionweekly.com/weight-loss/how-to-lose-weight-fast/,9.2,10,10,10,10,9.4,8.4,10,0,8.2,0,2,10,10,8.6
https://www.laheartspecialists.com/blog/the-best-weight-loss-tips,7,10,9.8,10,10,8.5,0,5,0,10,0,10,10,10,8.7
http://hindi.catchnews.com/health-care-tips-in-hindi/weight-loss-diet-lean-protein-fibre-215324.html,1.1,8.6,9,10,10,8.9,7.1,10,10,8.8,0,10,8,10,8.2
http://pakashalaindiankitchen.blogspot.com/2015/02/natural-weight-loss-tips.html,6.2,10,9.2,9,5.2,9.6,7.5,10,0,7.4,0,2,10,0,6.8
https://www.yourdietadvice.com/blog/6-top-tips-to-lose-weight-in-2019,3.5,10,5,10,5.2,7.6,0,2.8,0,10,10,10,8.4,10,7.5
http://www.samacharnama.com/weight-loss-tips-%E0%A4%AF%E0%A5%87-%E0%A4%96%E0%A4%BE%E0%A4%A6%E0%A5%8D%E0%A4%AF-%E0%A4%AA%E0%A4%A6%E0%A4%BE%E0%A4%B0%E0%A5%8D%E0%A4%A5-%E0%A4%A4%E0%A5%87%E0%A4%9C%E0%A5%80-%E0%A4%B8%E0%A5%87/,7.3,8.6,10,10,10,10,7.9,10,0,8.1,10,6.8,5,10,8.5
https://greatist.com/health/keto-diet-benefits,1.3,3,7,10,10,8.8,9.5,10,0,8.3,0,10,10,0,6.6
https://www.pinterest.com/overwhelmedbeauty/healthy-lifestyle-tips-and-tricks/,10,8.6,0,10,10,0,9.9,5,0,10,10,10,8.2,0,7.1
https://www.refinery29.com/en-us/healthy-lifestyle-tips,4.4,10,7.9,10,8.8,8.7,9.8,10,10,8.9,0,10,10,10,8.8
https://www.ahni.com/patient-resources/wellness-library/lifestyle-tips-men.html,10,10,6,10,5.2,8.2,6.5,10,0,10,10,10,10,10,8.9
https://simplelionheartlife.com/minimalist-lifestyle-tips/,0,10,5,9,10,9.5,7.9,10,0,8.7,0,8.4,10,10,7.6
https://www.niddk.nih.gov/health-information/weight-management/healthy-eating-physical-activity-for-life/health-tips-for-adults,9.2,10,10,10,10,9.5,2.5,10,10,8.8,10,6.8,10,10,9.4
https://expertphotography.com/lifestyle-photography-tips/,3,10,6,10,10,9.8,9,10,0,9.4,10,3.6,10,10,8.2
https://www.ucsfhealth.org/education/tips-for-staying-healthy,8.7,10,9,10,10,9.7,9.1,10,10,9.4,10,10,10,10,9.7
https://www.cosmopolitan.in/life,0,10,10,10,10,9.9,7.8,10,0,6,0,10,8,10,7.8
https://expertphotography.com/lifestyle-photography-tips/,3,10,6,10,10,9.8,9,10,0,9.4,10,3.6,10,10,8.2
https://www.bebeautiful.in/lifestyle,7.7,10,10,10,7.6,9.4,9.1,10,9.9,2.9,0,10,9.3,10,8.6
https://www.simplyfiercely.com/struggling-with-minimalism/,9.4,10,6,10,10,9.4,7,10,0,6.5,0,6.8,10,0,7.7
https://www.ingwb.com/media/2834784/ing-circulareconomy-five-tips.pdf,3.3,10,9,10,10,6.8,1.7,3.2,0,6.5,0,6.8,7.7,0,6.5
https://imbuenatural.com/2020/10/13/tips-for-a-healthy-lifestyle/,2.4,10,5,10,10,8.8,8.1,10,0,9.7,10,10,9.4,10,8.3
https://www.hindustantimes.com/lifestyle,9.6,10,10,10,10,10,10,10,0,3.4,0,10,10,10,8.8
https://www2.aston.ac.uk/sport/tips-information/fitness-tips,8.9,10,8,10,10,8.9,8.1,10,10,9,10,2,7,10,8.9
https://www.pritikin.com/your-health/healthy-living/womens-health/136-17-lifestyle-tips-for-the-menopause-years-and-beyond.html,9,10,9,10,7.6,9.9,8.3,10,9.2,9.5,10,8.4,10,10,9.5
https://www.betterhealth.vic.gov.au/health/HealthyLiving/overweight-children-healthy-lifestyle-tips,10,10,10,10,10,7.4,9.2,10,10,10,10,10,8.4,10,9.7
https://www.indiatvnews.com/lifestyle,8.8,7.5,8,10,10,9.9,10,10,10,9.1,0,10,10,10,9.2
https://www.precor.com/en-us/resources/5-tips-living-healthy-life-you-desire,8.7,10,9,10,10,8.5,8.1,10,9.9,9.5,10,10,7,10,9.4
https://www.ndtv.com/health/polycystic-ovary-syndrome-pcos-4-lifestyle-tips-that-can-help-you-lose-weight-and-reverse-pcos-2320052,5.7,7.8,6.9,10,3.6,9,9.4,10,10,2.7,0,10,9.4,10,7.8
https://www.dabur.com/realactiv/tips/7-tips-for-active-lifestyle,8.5,10,9,10,10,9.2,9,10,10,9.9,10,10,7.2,10,9.5
https://www.urdesignmag.com/lifestyle/2020/11/17/11-tips-for-a-healthy-lifestyle/,6.8,8.6,8,10,10,10,8.5,10,9.4,8.1,10,6.8,10,10,9
https://www.evergreenlifestyle.co.za/6-anti-aging-lifestyle-tips/,0,10,8.5,10,10,8.6,5.5,5,7.9,10,0,3.6,10,10,7.8
http://www.livehealthyoc.me/healthy-lifestyle-tips/,10,3,0,10,10,0,0,5,0,10,0,10,5,0,5.4
https://mint.intuit.com/blog/minimalist-lifestyle/minimalist-lifestyle-tips/,7,10,9.8,10,10,8.8,4.3,10,10,10,0,10,9.7,0,8.5
https://www.anandabazar.com/topic/lifestyle-tips,4.6,8.6,10,10,10,8.6,9.7,10,0,10,10,10,10,10,8.8
https://jindalnaturecure.in/naturopathy-tips-for-a-healthy-lifestyle/,5.7,10,9,10,10,8.6,6.8,10,8.3,7.5,10,10,5,10,8.7
https://www.cdc.gov/chronicdisease/resources/infographic/hearthealth.htm,9.7,3,8,10,8.8,8.8,10,10,10,10,10,10,10,10,9
https://www.thehealthylifefoundation.org/category/lifestyle-tips/,2.4,10,9.9,10,10,8.1,3.3,10,0,8.4,10,2,10,0,7
https://www.verywellfit.com/simple-ways-to-live-a-healthy-lifestyle-1231193,10,8.6,10,10,5.2,9.4,9.7,10,0,10,0,10,10,10,9
https://www.indushealthcare.org/blog/9-lifestyle-tips-to-prevent-heart-disease,8.3,10,9.8,10,10,8.5,0,2.6,0,10,0,10,10,10,8.5
https://blog.google/outreach-initiatives/sustainability/sustainable-living-tips-life-home/,7.8,10,9,10,10,8,10,5,0,10,10,10,5.8,10,8.9
https://www.kapiva.in/blog/healthy-lifestyle-tips/,8.1,8.6,10,10,10,9.8,9.2,5,8.6,8.4,10,8.4,10,10,9.3
https://www.sahealth.sa.gov.au/wps/wcm/connect/public+content/sa+health+internet/healthy+living/top+tips+for+healthy+living/top+tips+for+healthy+living,9.6,10,9.9,10,10,10,8.1,10,10,10,10,10,7.2,10,9.7
https://www.infinityauto.com/knowledge-center/daily-life-and-family/healthy-tips,9,10,10,10,10,9.1,8.4,4.4,9.2,9.5,10,10,9.4,10,9.4
http://loveyourgut.com/getting-gut-healthy/lifestyle-tips/,2.8,10,9.9,10,10,8.1,0,10,9.2,9.5,10,2,10,10,8.3
https://www.infofit.ca/healthy-lifestyle/,0.6,10,10,10,10,9.9,7.7,10,9.7,8.2,10,6.8,8,10,8.4
https://grownandflown.com/tips-healthy-eating-fitness-habits-college-students/,9.7,10,10,10,10,8.3,8.1,10,10,8,0,3.6,10,10,9
https://www.murdochinstitute.wa.edu.au/blog/things-to-do/5-tips-on-how-to-stay-healthy-while-studying/,4.9,10,9.6,10,10,9.7,5.9,10,6.2,9.9,10,6.8,10,10,9
https://www.timesnownews.com/health/article/cbse-examinations-begin-today-how-to-beat-exam-stress-8-healthy-eating-tips-for-students/199913,9.7,8.6,10,10,10,10,10,10,10,9.8,0,10,10,10,9.6
https://timesofindia.indiatimes.com/life-style/health-fitness/diet/must-follow-students-guide-to-healthy-eating/articleshow/21910518.cms,4.7,7.2,8.9,10,6.8,9.8,10,10,10,10,6,8.4,9.9,4,8.3
https://healthy-food-choices-in-schools.extension.org/tips-to-create-healthier-school-environments/,9.6,10,10,10,10,8.4,1.8,10,5,9,10,2,10,10,9.1
https://www.ucsfhealth.org/education/tips-for-staying-healthy,8.7,10,9,10,10,9.7,9.1,10,10,9.4,10,10,10,10,9.7
https://www.foundationforpn.org/living-well/lifestyle/,8.6,10,9.7,10,10,8.6,7.4,10,0,9,6,6.8,10,10,8.9
https://www.hsph.harvard.edu/nutritionsource/2013/11/06/healthy-eating-ten-nutrition-tips-for-eating-right/,9.1,10,6,10,10,7.8,2.6,10,10,8.1,10,3.6,10,10,8.7
https://www.niddk.nih.gov/health-information/weight-management/healthy-eating-physical-activity-for-life/helping-your-child-tips-for-parents,9.2,10,10,10,10,9.5,2.5,10,10,8.8,10,6.8,10,10,9.4
https://www.orthoindy.com/guides/healthy-lifestyle,4.4,10,10,10,10,7.7,7.5,10,9.6,10,0,10,10,10,8.9
https://www.petersons.com/blog/9-student-tips-to-boost-mental-health-and-wellness-amid-covid/,7.3,10,9.9,10,7.6,8.8,8.2,10,9.1,10,10,10,6.4,10,9.2
https://www.ndtv.com/health/weight-loss-how-to-continue-following-a-healthy-lifestyle-in-the-long-run-2374016,5.7,7.8,6.9,10,3.6,9,9.4,10,10,2.7,0,10,9.4,10,7.8
https://www.nhs.uk/live-well/eat-well/eight-tips-for-healthy-eating/,10,10,10,10,10,7.6,10,10,0,10,10,8.4,7.6,10,9.2
https://youthincmag.com/10-effective-healthy-eating-habits-for-students,8.1,8.6,10,10,10,10,7.4,10,9.1,8.1,10,3.6,7,10,8.8
https://www.theguardian.com/education/2015/jan/05/student-food-shopping-top-tips-for-staying-healthy-on-a-budget,9.5,10,10,10,10,9.9,8.8,10,10,9.9,10,10,9.4,10,9.9
https://www.buffalo.edu/studentlife/life-on-campus/health/healthy-decisions/healthy-eating.html,9.4,10,10,10,3.6,9.8,6.2,10,10,8.8,10,10,8.6,10,9.3
https://tutorbin.com/blog/top-7-study-tips-for-students/,8,8.6,10,9,10,9.1,7.9,10,6.9,7.7,8,10,8,10,8.9
https://www.helpguide.org/articles/healthy-eating/healthy-eating.htm,7.6,8.6,9,10,4.4,9.5,9.3,10,9.7,9.9,10,10,9.7,10,9.2
https://www.geneseo.edu/health/eating_exercise,9.9,10,10,10,10,8.6,7.1,10,10,9.2,10,10,6.4,10,9.5
https://www.mytutor.co.uk/university-advice/eating-healthily-on-a-budget-5-tips-for-students/,9.2,10,10,10,10,9.5,9,10,9.4,8.3,0,10,10,10,9.4
https://www.childrenscolorado.org/doctors-and-departments/departments/weight-management-program/healthy-lifestyle-tips-for-kids/,9.9,10,10,10,10,10,5.7,10,10,10,10,10,10,10,9.9
https://harvest.net/5-tips-for-staying-healthy-while-studying-in-the-usa/,2.3,10,6.9,10,8.8,8.5,7.5,10,0,8.3,10,10,10,10,8.2
https://www.studenthealth.gov.hk/english/health/health_hl/health_hl_ahl.html,7.4,8.6,0,10,5.2,5.9,7.8,10,0,9.8,8,2,9.4,0,6.7
https://www.myunidays.com/GB/en-GB/blog/article/5-tips-for-staying-healthy-at-uni,9.7,10,9.9,10,8.8,9.1,9.2,10,9.9,10,0,10,8,0,8.8
https://scholarlyoa.com/healthy-lifestyle-tips-for-adults/,5.8,10,10,10,10,9.3,9.8,10,0,3.3,10,3.6,10,0,7.4
https://www.superkidsnutrition.com/tips-college-students-healthy-weight-management/,9.1,10,10,10,10,9.1,6.3,10,9,8.2,10,6.8,10,10,9.4
https://www.usf.edu/student-affairs/wellbeing/health-topics/healthy-eating/,9.8,10,10,10,5.2,9,7.1,10,0,10,10,10,5.4,10,9
https://www.oxbridgeacademy.edu.za/blog/8-tips-for-healthy-eating-on-a-student-budget/,8.1,10,10,10,10,9.3,7.2,10,9.5,8.4,10,8.4,7,10,9.2
https://www.simcoemuskokahealth.org/HealthUnit/Workplaces/Schools/School-Health-Well-Being/PlanningInitiatives/Healthy-Eating,8.8,10,10,10,6.4,8.6,7.4,3.5,9.9,10,10,5.2,8.4,10,8.9
https://www.schooldays.ie/articles/5-tips-for-healthy-eating-when-studying,8.9,10,6.7,10,8.4,7.6,6.4,10,9.7,9.2,0,5.2,5.4,8,8.3
https://kidshealth.org/en/parents/habits.html,10,10,10,10,4.8,6.9,9.7,2.6,0,9.4,0,10,7.8,10,8.4
https://www.sccmha.org/healthcare-partnerships/100-wellness-tips/,7.8,7.7,0,6.7,8,4.5,7.9,10,0,10,6.7,4,8.9,6.7,6.9
https://www.skillsyouneed.com/learn/stay-healthy-during-exams.html,9.7,10,10,10,6.4,9.8,9.1,10,9.6,10,4,10,9.6,10,9.6
https://uhs.umich.edu/healthtopics-a-z,9.8,10,9.9,10,10,7.9,2.1,2.7,9.2,10,10,10,7,10,9.1
https://www.reliablecounter.com/blog/5-tips-for-students-to-maintain-a-healthy-lifestyle/,2.2,10,10,10,3.6,6.7,8.4,1.6,0,9.8,10,3.6,8.4,10,7.4
https://www.vaughn.edu/blog/wellness-tips-to-boost-your-energy-while-distance-learning/,7.7,8.6,10,10,10,9.9,5.4,10,8.8,10,10,8.4,9.4,10,9.3
https://www.chrichmond.org/services/weight-management-and-healthy-lifestyles-center/how-healthy-happens,9.7,10,8.9,10,8.8,9.4,6.7,10,9.7,9.7,10,8.4,8.8,10,9.5
https://www.phillytrib.com/the_learning_key/healthy-eating-tips-for-the-busy-high-school-student/article_a9f00911-7716-5f16-ac43-d033a2b675f1.html,10,10,6,10,6.4,10,8.1,10,10,9.7,0,3.6,10,10,8.9
https://www.theschoolrun.com/homework-help/keeping-healthy,9.8,10,9,10,10,9.4,8.2,10,10,9,10,10,10,10,9.7
https://www.wgu.edu/heyteach/article/7-steps-to-take-if-you-want-to-be-a-healthy-teacher1806.html,10,10,9.9,10,5.2,9.9,6.2,10,10,10,10,8.4,10,10,9.6
https://preventionpluswellness.com/pages/healthy-lifestyle-guidelines-for-youth-and-young-adult-goal-setting,9.9,10,10,10,10,8.2,7.2,5,0,10,10,10,10,0,8.7
https://dhss.delaware.gov/dhss/dph/dpc/eatright.html,8.5,8.6,7,7,10,7.1,2.9,10,10,10,8,8,4.2,8,8.2
https://www.acponline.org/membership/medical-students/acp-impact/archive/august-2016/medical-student-perspective-tips-on-how-to-be-healthy-in-medical-school,8.6,10,9,10,10,9.8,9.3,10,10,10,10,10,9.4,10,9.7
https://www.netdoctor.co.uk/healthy-living/wellbeing/advice/a26020/health-tips-your-doctor-wishes-you-would-follow/,8.5,4.1,1.7,10,10,8.7,8.8,10,10,8,0,8.4,9.9,0,7.3
https://www.statesmanjournal.com/story/news/local/silverton/2020/12/23/tips-children-stay-healthy-during-pandemic/3960235001/,2.1,8.6,9.9,10,10,10,7.9,10,10,8.9,10,6.8,8,0,7.8
https://www.uspm.com/how-to-maintain-a-healthy-eating-lifestyle/,2.5,10,10,10,10,9.6,6.7,10,8.8,8.3,10,10,10,10,8.9
https://startcooking.com/10-tips-for-healthy-eating-during-exams,10,3,10,10,10,9.2,6.2,4.6,0,8.6,10,2,9.6,10,7.9
https://lifesum.com/nutrition-explained/maintain-your-healthy-lifestyle-with-these-7-tips,8.6,10,7,10,10,7.2,7.6,10,0,9.7,0,5.2,6.2,0,7.6
https://www.bajajallianz.com/blog/health-insurance-articles/how-to-maintain-a-healthy-lifestyle-tips-from-a-doctor.html,6.7,10,9,10,5.2,9.7,8.9,10,10,9.9,0,10,10,10,9.1
https://blog.reallygoodstuff.com/25-tips-for-creating-a-healthy-classroom-environment/,8.9,10,7,10,10,7.5,5.8,3.8,0,8.6,10,5.2,10,10,8.3
https://www.sane.org/information-stories/facts-and-guides/healthy-living,9.5,10,9.9,10,10,9.3,7.4,10,10,9.7,10,10,9.6,10,9.8
https://foodinsight.org/healthy-eating-on-campus-101/,4.1,8.6,10,10,10,8.5,8,10,10,8.2,0,3.6,10,10,8.3
https://www.eatright.org/health/weight-loss/your-health-and-your-weight/helping-kids-maintain-a-healthy-body-weight-a-cheat-sheet-for-success,9.4,10,6,10,10,8.4,9.2,5,10,10,10,5.2,10,10,9.2
https://www.medicalnewstoday.com/articles/322268,4.6,3,10,10,10,10,10,10,0,8,0,10,10,0,7.2
https://home.howstuffworks.com/community-living/5-tips-staying-healthy-living-dorm.htm,9.7,10,9.5,10,6.4,9.9,2.4,10,0,9.8,10,10,10,10,9.2
https://www.healthgrades.com/right-care/lifestyle-and-wellness/10-ways-to-stay-healthy-in-the-dorm,8.9,10,0.2,10,6.4,6.3,9.8,5,9.8,7.2,0,10,10,10,8.2
https://www.actionforhealthykids.org/activity/social-media-to-promote-health/,9.5,10,9,10,10,9.2,8.5,10,10,8.4,10,2,10,10,9.2
https://simple.wikipedia.org/wiki/Healthy_lifestyle,9.9,7.2,10,10,8.8,9,2.1,10,0,8,10,2,9.8,0,7.7
https://www.ncertbooks.guru/healthy-lifestyle-essay/,10,10,10,10,10,9.3,8.9,5.3,0,8,10,10,10,10,9.2
https://www.aarp.org/health/healthy-living/info-2017/50-ways-to-live-longer.html,8.8,10,9.4,10,3.6,10,10,10,0,8.8,10,10,8,10,8.9
https://www.careinsurance.com/blog/health-insurance-articles/healthy-aging-essential-healthy-lifestyle-tips-for-seniors,9.8,10,9.9,10,8.8,10,9.2,3.1,9.8,8.5,0,10,7.6,10,9
https://riseandshine.childrensnational.org/maintaining-healthy-habits-during-the-covid-19-pandemic/,8.5,10,4,10,8.8,6.5,5,10,0,8.9,10,5.2,7,10,8.1
https://uhs.berkeley.edu/news/tips-eating-healthy-busy-schedule,10,10,10,10,10,9.3,2.2,10,9.4,8.9,10,2,10,10,9.2
https://www.unitedwaydm.org/blog/5-ways-to-improve-health-in-your-community,6,9.7,9.9,10,10,9.8,5.6,10,9.6,9.9,0,10,7.6,10,9
https://www.harrisschool.edu/8-exercise-tips-for-busy-students/,7.6,10,9,10,10,8.5,4.6,10,5,8.6,0,10,10,10,9
https://www.oakbendmedcenter.org/2018/05/23/14-steps-to-a-healthy-lifestyle/,0,10,4.6,10,10,8.5,7.4,10,9.1,9.9,10,3.6,7,10,7.8
https://www.briantracy.com/blog/personal-success/3-easy-habits-to-a-healthy-lifestyle/,8.5,9.7,9,10,5.2,8.3,9.4,1.8,10,10,6,10,8,10,8.8
https://www.mdanderson.org/publications/focused-on-health/FOH-healthy-lifestyle.h11-1589835.html,9,10,10,10,5.2,9.5,9.3,10,10,10,10,8.4,10,10,9.5
https://www.ucl.ac.uk/students/news/2020/dec/8-top-tips-staying-healthy-veggie-or-vegan-student,9.6,10,10,10,10,7.9,9.5,10,10,9.1,8,8.4,10,10,9.6
https://www.healthnavigator.org.nz/healthy-living/c/covid-19-staying-healthy-in-a-lockdown/,9.4,10,9,10,10,9.4,8.2,10,8.4,9.6,10,10,7,10,9.5
https://www.pinterest.com/marielane926/healthy-living/,10,8.6,0,10,10,0,9.9,5,0,10,10,10,8.2,0,7.1
https://www.makeschool.com/blog/10-selfcare-tips-for-college-students,9.2,10,9.9,10,10,9.6,7.5,10,9.8,9.3,0,10,9.7,10,9.5
https://www.diabetes.org.uk/guide-to-diabetes/enjoy-food/eating-with-diabetes/10-ways-to-eat-well-with-diabetes,9.9,10,9,10,8.8,9,8.8,10,10,8.5,10,8.4,7,10,9.4
https://www.cbsnews.com/news/50-weight-loss-tips-for-college-students/,0,8.6,6,10,6.4,6.6,9,10,10,8,4,8.4,10,0,7
https://familydoctor.org/teenagers-how-to-stay-healthy/,9.2,10,10,10,10,9,8.9,10,10,8.6,10,10,10,10,9.7
https://www.healthychildren.org/English/ages-stages/teen/nutrition/Pages/A-Teenagers-Nutritional-Needs.aspx,8.4,10,8,10,3.6,7.5,9.4,10,10,10,10,10,8,10,9.1
http://dietitian.co.nz/articles/eating-well-for-teenage-girls.pdf,9.4,10,8.5,10,10,7.8,0,1.5,0,8.1,0,10,10,10,7.9
https://www.verywellhealth.com/teens-bad-food-habits-2610256,10,8.6,9,10,5.2,9.2,10,10,0,8.8,0,10,10,10,8.8
https://www.supersavvyme.co.uk/health/healthy-eating/nutrition-for-girls-over-10-and-teens,10,10,7,10,10,7.7,7,10,0,8,0,8.4,10,10,8.7
https://www.medindia.net/patients/lifestyleandwellness/diet-tips-for-teens.htm,8.9,8.6,9,10,5.2,9.3,9.2,10,9.7,8.8,0,6.8,10,10,8.8
https://rallycenteret.dk/Healthy-Diet-Plan-For-Teenage-Girl-To-Gain-Weight_183843/,6.6,10,9,10,10,7.9,0,10,0,9.5,10,2,10,10,8.3
https://healthengine.com.au/info/nutrition-in-adolescent-girls,9.8,8.6,6,8,10,7.5,8.9,6.2,9.7,10,8,4.8,7,8,8.3
https://naturalsuperkids.com/nutrition-for-teenagers-tips/,6.8,10,10,10,10,9,4.9,10,0,8.4,10,2,10,10,8.5
https://www.australianeggs.org.au/what-we-do/healthcare-professionals/hcp-factsheets/eggs-in-children-and-adolescents,10,10,10,10,10,9.3,8,10,9.1,8,10,8.4,10,10,9.6
https://shelfcooking.com/food-for-teenagers/,2.9,10,9,10,10,9.7,5.6,10,0,9.3,10,6.8,10,0,7.7
https://dietitiansaustralia.org.au/smart-eating-for-you/smart-eating-fast-facts/teens/,9.7,8.6,7,10,8.4,6,9.3,10,10,8,8,2,7.6,8,8.2
https://fustany.com/en/beauty/health--fitness/teenage-weight-loss-tips,6,10,10,10,10,10,8.8,10,10,2,0,10,8,10,8.4
https://dune.une.edu/an_studhandouts/,10,10,5,10,6.4,7.3,1.8,10,0,8,10,3.6,9.6,10,8.2
https://www.additudemag.com/win-the-food-fight/,9.6,10,9,10,6.4,9.5,9.5,10,10,8,10,6.8,10,10,9.3
https://livehealthy.chron.com/healthy-lunch-teen-girls-trying-lose-weight-9853.html,7.5,10,10,10,5.2,8.8,2.2,1.7,0,10,10,10,10,10,8.5
https://www.superkidsnutrition.com/3-easy-ways-to-get-your-teenager-to-eat-breakfast/,9.1,10,10,10,10,9.1,6.3,10,9,8.2,10,6.8,10,10,9.4
https://www.ridgmountpractice.nhs.uk/syndication/live-well/eat-well/healthy-eating-for-teens,4.5,10,9,10,10,6.8,6.9,10,0,9.1,10,10,8.4,10,8.5
https://www.superhealthykids.com/recipes/top-8-healthy-snacks-teenagers/,0.5,10,0,10,10,8.7,8.2,6.9,10,10,0,5.2,10,10,7.5
https://www.health.govt.nz/your-health/healthy-living/food-activity-and-sleep/healthy-weight/healthy-eating-teenagers,9.6,10,10,10,8.8,8.8,8.7,10,10,9.1,10,10,10,10,9.7
https://www.cookinglight.com/eating-smart/nutrition-101/how-to-talk-to-teen-losing-weight,7.4,8.6,3.8,8,8.8,6.5,8.8,10,10,10,8,8,10,0,7.7
https://wakemedvoices.com/2019/10/a-healthy-weight-and-body-image-for-teenage-girls/,6.6,10,10,10,10,9.3,4.4,10,0,8.7,10,3.6,7,0,7.7
https://www.gracepointwellness.org/1342-child-development-parenting-adolescence-12-24/article/45509-teenage-caloric-requirements,7.9,10,10,10,8,8.8,7.6,10,7.9,9.3,0,2,3.4,10,8.3
https://www.quora.com/How-did-you-lose-weight-as-a-teenager,10,7.2,0,10,10,0,10,5,0,10,0,2,8.2,0,6.3
https://www.planetayurveda.com/library/diet-plan-for-young-girls-during-puberty-patients/,9.5,10,10,10,10,9.9,8.5,10,8.1,9.6,10,10,10,10,9.8
https://www.healthyfood.com/advice/what-to-feed-sporty-teens/,9.7,10,10,10,10,9.2,8.2,10,9.8,8.2,10,6.8,10,2,8.9
https://timesofindia.indiatimes.com/life-style/health-fitness/health-news/pcos-on-the-rise-among-teenage-girls/articleshow/32604739.cms,4.7,7.2,8.9,10,6.8,9.8,10,10,10,10,6,8.4,9.9,4,8.3
https://www.thenationshealth.org/content/45/10/36,9.6,10,10,10,10,8.3,6.6,10,10,9.5,0,2,8.4,10,8.9
https://www.chef4cf.com/nutrition-guide/healthy-eating/teen,9.2,10,10,10,10,7.6,0,10,0,10,10,8.4,10,10,9.1
https://developingminds.net.au/blog/2016/6/14/teenage-girls-eating-and-weight-why-we-cant-leave-it-in-entirely-up-to-them,8.5,10,10,10,10,8.7,6.1,10,0,10,0,6.8,10,10,8.9
https://www.betterhealth.vic.gov.au/health/HealthyLiving/parents-guide-for-active-girls,10,10,10,10,10,7.4,9.2,10,10,10,10,10,8.4,10,9.7
https://www.beeflambnz.co.nz/iron-deficiency-teenage-girls,6.2,10,8,10,10,8.2,5.3,10,0,10,0,2,9.2,10,8.1
https://food.ndtv.com/health/why-teenage-girls-should-never-take-diet-pills-for-weight-loss-1697131,8.4,8.6,9,10,3.6,9.6,2.6,10,10,4,0,10,10,10,8.3
https://buband.com/blogs/news/healthy-eating-tips-for-teenage-girls,6,10,10,10,10,9.5,3.9,1.7,0,10,0,10,10,0,7.7
https://www.cdc.gov/scienceambassador/documents/healthy-eating-pa.pdf,9.7,3,8,10,8.8,8.8,10,10,10,10,10,10,10,10,9
https://www.pakwangali.in/food-news/national-girl-child-day-diet-for-girl-healthy-and-balanced-diet-all-vitamins-and-minerals-in-hindi/article/957680.html,0,10,5,9,10,8.1,8.3,5,8.5,2.5,0,10,8,10,7.1
https://www.parents.com/kids/teens/weight-loss/help-kids-lose-weight/,8.5,8.6,4.9,8,6.4,6.5,9.5,10,0,9.4,8,8,9,0,7.4
https://timesofindia.indiatimes.com/life-style/health-fitness/diet/diet-plan-here-is-what-your-kid-should-eat/articleshow/51559475.cms,4.7,7.2,8.9,10,6.8,9.8,10,10,10,10,6,8.4,9.9,4,8.3
https://blog.decathlon.in/articles/weight-loss-indian-diet-chart,3.4,10,10,10,10,9.7,2.8,10,0,9.2,0,10,10,10,8.4
https://food-guide.canada.ca/en/tips-for-healthy-eating/teens/,9.2,10,10,10,10,8.1,2.2,10,0,8.2,10,6.8,10,10,8.9
https://www.timesnownews.com/health/article/anxiety-can-increase-the-risk-of-eating-disorders-in-teenage-girls-watch-out-for-these-symptoms/529217,9.7,8.6,10,10,10,10,10,10,10,9.8,0,10,10,10,9.6
https://bellyfatzone.com/how-to-lose-belly-fat-for-teenage-girls/,5.6,10,8,10,10,9.3,7.8,10,0,8.2,4,8.4,7.6,0,7.7
https://www.oprah.com/spirit/help-your-teenage-daughter-manage-her-weight-evelyn-resh/all,4.2,10,6,10,8,8.5,8.9,10,5,10,10,10,9.7,10,8.8
https://jillcastle.com/teenager-nutrition/7-ways-support-teen-growth-spurt/,8.9,10,10,8,10,9.5,6.6,9.5,10,6.3,0,10,10,10,8.9
https://www.childrens.com/health-wellness/what-young-athletes-should-eat-to-perform-their-best,9.9,10,10,10,10,9,8.4,2.3,10,8.4,10,10,10,10,9.4
https://diatribe.org/10-tips-teenagers-live-well-type-1-diabetes,9.4,10,9,10,10,9.3,8.5,7.6,5,8.8,10,6.8,8.2,10,9.2
https://www.canadianliving.com/health/nutrition/article/teaching-healthy-eating-habits-to-teens,3.9,10,9,10,10,8.1,7.9,10,10,9.3,10,10,10,10,9
https://ndtv.in/health/weight-loss-tips-in-hindi-weight-loss-tips-in-hindi-for-girl-at-home-best-exercises-for-weight-loss-2113176,0,7.8,10,9,3.6,9.4,10,10,10,4.2,0,10,9.4,10,7.4
https://thenourishedchild.com/teenage-weight-gain-what-to-do/,4.1,10,10,10,10,8.7,7.8,10,0,9.4,0,10,10,10,8.6
https://www.amazon.com/Intuitive-Eating-Workbook-Teens-Relationship/dp/1684031443,9.2,3,7,10,4,7.6,9.8,10,0,8.6,0,2,7.4,0,6.5
https://www.news-medical.net/health/Diet-for-Obese-Children-and-Teenagers.aspx,9.7,8.6,9,10,10,9.8,9.5,0.8,10,9.1,10,5.2,10,10,8.9
https://blog.nasm.org/how-to-coach-adolescents-on-nutrition-decisions,7.5,10,6,10,10,9.3,3.8,10,0,10,0,10,10,0,8
https://yourdreamtale.com/5-healthy-diet-tips-and-a-diet-plan-for-your-teenage-boy/,10,10,10,10,10,9.6,3.8,3.4,6.7,8.1,10,3.6,10,10,8.8
https://www.realmomnutrition.com/help-your-teenager-with-picky-eating/,8.7,8.6,8.9,10,10,8.7,7.6,10,0,8,10,2,10,10,8.5
https://www.vrg.org/nutrition/teennutrition.htm,8.8,3,4.8,8,7.6,7.3,7.1,10,9.4,9.5,2,8,9.6,4,7.4
https://www.active.com/fitness/calculators/bmr,9,8.6,5.8,9,10,9.4,9.8,10,10,9.6,0,10,10,10,9
http://ontm.lacasucciadiassisi.it/skinny-fat-to-fit-female.html,10,3,10,10,10,10,1,5,0,10,0,10,10,0,7.1
https://www.news.com.au/national/nsw-act/news/teenage-girl-flown-to-hospital-in-serious-but-stable-condition-after-quad-bike-accident/news-story/5239e6f79e03d9b16dce2d121a12d4f2,8.1,8.6,10,10,10,7.9,9.5,10,10,7.8,0,8.4,10,2,8.4
http://lyru.farmaciacampofiorenzo.it/proana-thinspiration-stories.html,10,6.5,7.5,10,10,8.1,1,10,0,10,0,2,9.8,0,6.8
https://www.issaonline.com/blog/index.cfm/kids-and-strength-training-when-can-they-start,9.3,10,10,10,10,9.5,8.4,10,0,10,10,10,10,10,9.5
https://www.healthdirect.gov.au/anorexia-nervosa,9.3,10,10,10,10,9.4,9.4,10,9.1,10,10,10,6.8,10,9.6
https://parade.com/1035465/marynliles/birthday-quotes/,6.1,10,10,10,10,8.9,9.5,3.1,10,10,10,6.8,10,10,9
https://www.zappautomacao.com.br/wp-content/cmolu5/yu9d4gb.php?id=05ce23-muscle-building-diet-for-teenage-girl,6.8,10,5,10,4,7.4,7.2,0.7,0,8,0,2,7.6,0,5.8
https://www.primature.gov.mg/index.php/Healthy/Healthy-Diet-Chart/For-Teenage-Girl-To-Gain-Weight_4d09a800b.htm,4.4,10,9.4,10,10,8.9,6.8,10,0,8.4,10,2,7.6,0,7.4
https://itvocana.com/?LOSS=how-to-lose-weight-fast-as-a-teenage-girl,1.9,10,9,10,10,8.6,0,1,7.4,9,0,2,7,0,6.5
https://examples.yourdictionary.com/hasty-generalization-examples-and-how-to-avoid-them.html,9.3,10,10,10,5.2,9.9,4.7,10,0,10,2,10,10,2,8.5